labels,mode,stage,median_us,p95_us
60,individual,content_layout_prepare_replace_cpu,402.896,443.208
60,individual,content_layout_cpu,174.459,203.000
60,individual,cached_geometry_prepare_cpu,218.584,242.542
60,individual,record_cpu,7.937,9.625
60,individual,frame_cpu,52.834,66.833
60,batched,content_layout_prepare_replace_cpu,237.209,259.417
60,batched,content_layout_cpu,174.688,197.000
60,batched,cached_geometry_prepare_cpu,59.458,65.667
60,batched,record_cpu,7.125,8.125
60,batched,frame_cpu,50.521,66.334
600,individual,content_layout_prepare_replace_cpu,5633.458,5987.417
600,individual,content_layout_cpu,1882.104,2042.708
600,individual,cached_geometry_prepare_cpu,3285.479,3493.125
600,individual,record_cpu,67.959,78.792
600,individual,frame_cpu,237.895,276.125
600,batched,content_layout_prepare_replace_cpu,2270.417,2464.542
600,batched,content_layout_cpu,1765.042,1968.834
600,batched,cached_geometry_prepare_cpu,462.625,504.459
600,batched,record_cpu,55.188,58.125
600,batched,frame_cpu,188.375,202.209
1000,individual,content_layout_prepare_replace_cpu,9856.896,10309.541
1000,individual,content_layout_cpu,3276.437,3476.000
1000,individual,cached_geometry_prepare_cpu,5713.688,6014.291
1000,individual,record_cpu,117.188,136.041
1000,individual,frame_cpu,389.333,466.292
1000,batched,content_layout_prepare_replace_cpu,3896.104,4091.000
1000,batched,content_layout_cpu,3115.396,3263.791
1000,batched,cached_geometry_prepare_cpu,772.417,810.875
1000,batched,record_cpu,88.042,95.083
1000,batched,frame_cpu,294.708,315.417
