count,mode,coverage,stage,median_us,p95_us
16,prepare_fill,true,tessellate_and_upload,117.730,137.792
16,prepare_stroke,true,tessellate_and_upload,540.979,612.625
64,prepare_fill,true,tessellate_and_upload,674.729,760.292
64,prepare_stroke,true,tessellate_and_upload,4284.438,4513.125
256,prepare_fill,true,tessellate_and_upload,7273.917,7560.167
256,prepare_stroke,true,tessellate_and_upload,50173.521,54078.875
4,prepare_icon_fill,true,tessellate_and_upload,35.459,41.417
128,prepare_polyline_stroke,true,tessellate_and_upload,145.291,184.250
1000,raw_individual_for_individual,false,record,15.500,20.041
1000,individual,false,record,49.188,55.833
1000,raw_individual_for_individual,false,cpu_total,173.688,204.500
1000,individual,false,cpu_total,86.020,97.250
1000,raw_individual_for_scoped,false,record,15.021,19.542
1000,scoped,false,record,23.709,31.000
1000,raw_individual_for_scoped,false,cpu_total,172.312,187.541
1000,scoped,false,cpu_total,57.167,70.166
1000,raw_batch_for_batch,false,record,3.083,3.667
1000,batch,false,record,9.125,11.250
1000,raw_batch_for_batch,false,cpu_total,34.812,48.375
1000,batch,false,cpu_total,41.666,52.958
1000,raw_batch_for_painter_batch,false,record,3.062,3.584
1000,painter_batch,false,record,9.229,11.834
1000,raw_batch_for_painter_batch,false,cpu_total,39.020,46.459
1000,painter_batch,false,cpu_total,43.895,60.666
1000,raw_individual_for_individual,true,record,19.625,20.958
1000,individual,true,record,51.416,58.958
1000,raw_individual_for_individual,true,cpu_total,183.270,205.250
1000,individual,true,cpu_total,83.376,91.292
1000,raw_individual_for_scoped,true,record,16.688,20.042
1000,scoped,true,record,25.166,30.042
1000,raw_individual_for_scoped,true,cpu_total,168.146,186.708
1000,scoped,true,cpu_total,52.604,67.292
1000,raw_batch_for_batch,true,record,2.542,3.292
1000,batch,true,record,10.166,10.875
1000,raw_batch_for_batch,true,cpu_total,30.979,36.416
1000,batch,true,cpu_total,38.667,47.459
1000,raw_batch_for_painter_batch,true,record,2.312,3.250
1000,painter_batch,true,record,8.812,10.583
1000,raw_batch_for_painter_batch,true,cpu_total,30.355,37.875
1000,painter_batch,true,cpu_total,36.438,44.750
