count,workload,side,record_median_us,record_p95_us,cpu_total_median_us,cpu_total_p95_us
1000,shapes_scoped,reference,90.250,105.791,242.729,415.541
1000,shapes_scoped,variant,54.792,68.625,204.062,299.041
1000,shapes_batch,reference,88.895,100.500,237.250,276.750
1000,shapes_batch,variant,23.291,31.083,63.146,94.625
1000,lines_scoped,reference,86.208,107.750,230.813,298.167
1000,lines_scoped,variant,55.688,62.291,201.521,212.500
1000,lines_batch,reference,86.208,106.292,231.437,265.042
1000,lines_batch,variant,23.605,32.584,61.750,83.541
1000,mixed_scoped,reference,384.729,413.583,1693.896,1768.125
1000,mixed_scoped,variant,318.646,340.208,1607.292,1666.500
1000,painter_mixed,reference,381.500,407.792,1721.479,1831.125
1000,painter_mixed,variant,387.562,431.958,1708.479,1787.750
1000,painter_shapes_batch,reference,25.188,33.875,74.125,83.834
1000,painter_shapes_batch,variant,23.708,31.208,73.209,82.417
1000,painter_lines_batch,reference,25.084,31.166,60.104,75.459
1000,painter_lines_batch,variant,25.000,30.000,59.958,71.083
1000,fills_outlines_scoped,reference,90.646,109.083,239.292,275.042
1000,fills_outlines_scoped,variant,53.646,69.542,203.022,234.292
1000,fills_outlines_batch,reference,91.000,99.375,234.875,261.958
1000,fills_outlines_batch,variant,23.750,29.750,59.730,72.500
1000,painter_fills_outlines_batch,reference,23.687,29.334,57.501,64.875
1000,painter_fills_outlines_batch,variant,23.667,28.542,57.354,71.291
1000,painter_clipped_mixed,reference,387.125,422.166,1717.104,1801.500
1000,painter_clipped_mixed,variant,429.146,452.500,1834.334,1944.541
1000,painter_rounded_clip_shapes_batch,reference,23.645,34.167,69.688,80.792
1000,painter_rounded_clip_shapes_batch,variant,26.938,34.417,70.374,80.375
1000,shadows_batch,reference,89.188,247.791,243.895,657.125
1000,shadows_batch,variant,27.021,81.625,71.625,321.750
1000,painter_shadows_batch,reference,27.771,36.458,77.480,95.916
1000,painter_shadows_batch,variant,27.749,35.583,80.562,119.709
