renderer,count,brush,color_record_us,brush_record_us,color_cpu_total_us,brush_cpu_total_us,color_bytes,brush_bytes,color_draws,brush_draws
path,100,solid,1.792,2.042,31.542,32.791,6400,6400,1,1
path,100,linear_2,1.750,2.250,30.334,30.375,6400,6400,1,1
path,100,linear_8,1.791,2.291,29.959,32.875,6400,6400,1,1
path,100,radial_8,1.833,2.333,32.167,33.083,6400,6400,1,1
path,100,linear_64,1.833,2.292,31.417,32.125,6400,6400,1,1
shape,100,solid,2.167,2.959,25.208,26.083,8000,11200,1,1
shape,100,linear_2,3.041,4.250,31.916,33.583,8000,11200,1,1
shape,100,linear_8,2.167,3.083,25.208,26.750,8000,11200,1,1
shape,100,radial_8,2.292,4.125,27.541,32.750,8000,11200,1,1
shape,100,linear_64,2.167,3.125,25.500,28.000,8000,11200,1,1
line,100,solid,2.375,3.375,25.042,26.667,8000,11200,1,1
line,100,linear_2,3.125,4.041,31.792,31.041,8000,11200,1,1
line,100,linear_8,2.791,3.958,30.041,31.250,8000,11200,1,1
line,100,radial_8,2.375,3.417,25.334,27.292,8000,11200,1,1
line,100,linear_64,2.667,3.709,29.916,31.000,8000,11200,1,1
path,1000,solid,9.459,11.333,36.333,39.334,64000,64000,1,1
path,1000,linear_2,9.500,12.542,38.083,40.375,64000,64000,1,1
path,1000,linear_8,12.208,15.208,42.291,44.583,64000,64000,1,1
path,1000,radial_8,9.375,12.542,35.250,40.375,64000,64000,1,1
path,1000,linear_64,9.459,12.542,36.875,41.250,64000,64000,1,1
shape,1000,solid,18.792,26.375,54.500,63.667,80000,112000,2,2
shape,1000,linear_2,20.917,27.792,56.333,65.291,80000,112000,2,2
shape,1000,linear_8,18.791,27.750,54.417,63.875,80000,112000,2,2
shape,1000,radial_8,21.292,30.334,58.625,66.208,80000,112000,2,2
shape,1000,linear_64,19.125,29.750,57.875,68.916,80000,112000,2,2
line,1000,solid,21.042,31.875,56.833,67.417,80000,112000,2,2
line,1000,linear_2,23.209,30.917,56.333,67.417,80000,112000,2,2
line,1000,linear_8,22.958,33.375,59.333,75.417,80000,112000,2,2
line,1000,radial_8,20.750,30.291,56.584,65.792,80000,112000,2,2
line,1000,linear_64,23.125,32.875,57.958,71.333,80000,112000,2,2
path,10000,solid,94.083,114.042,207.541,230.000,640000,640000,10,10
path,10000,linear_2,98.750,129.625,217.208,252.542,640000,640000,10,10
path,10000,linear_8,98.917,128.458,211.667,243.166,640000,640000,10,10
path,10000,radial_8,100.709,131.625,215.167,249.917,640000,640000,10,10
path,10000,linear_64,97.208,129.834,213.750,244.500,640000,640000,10,10
shape,10000,solid,189.000,265.792,335.250,460.584,800000,1120000,13,18
shape,10000,linear_2,182.584,271.709,354.208,505.292,800000,1120000,13,18
shape,10000,linear_8,185.416,271.958,357.458,500.667,800000,1120000,13,18
shape,10000,radial_8,183.083,274.000,356.875,506.583,800000,1120000,13,18
shape,10000,linear_64,184.167,272.125,345.958,489.042,800000,1120000,13,18
line,10000,solid,204.750,298.541,382.083,525.791,800000,1120000,13,18
line,10000,linear_2,204.833,302.792,383.041,542.000,800000,1120000,13,18
line,10000,linear_8,204.375,302.417,384.833,532.833,800000,1120000,13,18
line,10000,radial_8,205.458,303.750,367.208,519.208,800000,1120000,13,18
line,10000,linear_64,204.791,300.959,364.917,518.875,800000,1120000,13,18
