input_scalars,draws,transformed,mode,record_median_us,record_p95_us
100,1,false,direct,0.500,0.667
100,1,false,painter,0.541,0.750
100,1,true,direct,0.542,0.666
100,1,true,painter,0.583,0.667
100,100,false,direct,8.292,11.667
100,100,false,painter,8.334,11.875
100,100,true,direct,8.416,11.000
100,100,true,painter,8.750,11.375
1000,1,false,direct,0.416,0.583
1000,1,false,painter,0.417,0.583
1000,1,true,direct,0.438,0.625
1000,1,true,painter,0.417,0.625
1000,100,false,direct,10.417,11.500
1000,100,false,painter,10.208,11.458
1000,100,true,direct,10.625,12.416
1000,100,true,painter,11.125,14.042
10000,1,false,direct,0.458,0.625
10000,1,false,painter,0.458,0.584
10000,1,true,direct,0.417,0.584
10000,1,true,painter,0.459,0.667
10000,100,false,direct,12.521,22.792
10000,100,false,painter,12.375,25.541
10000,100,true,direct,10.146,23.583
10000,100,true,painter,10.313,20.709
