renderer,count,mode,route,update_us,record_us,cpu_total_us,completed_frame_us,gpu_pass_us,point_upload_bytes,parameter_bytes,rendered_points,draws
polyline,10000,unchanged,raw,0.041,0.291,32.041,655.750,,0,80,10000,1
polyline,10000,unchanged,astrelis,0.000,0.500,32.208,668.292,,0,80,10000,1
polyline,10000,append_256,raw,17.000,0.208,33.791,438.584,,2048,80,10000,1
polyline,10000,append_256,astrelis,16.042,0.375,32.625,429.542,,2048,80,10000,1
polyline,10000,replace_all,raw,31.083,0.208,55.833,441.375,,80000,80,10000,1
polyline,10000,replace_all,astrelis,32.584,0.417,56.250,432.917,,80000,80,10000,1
polyline,10000,visible_4096,raw,0.000,0.209,29.417,370.500,,0,80,4096,1
polyline,10000,visible_4096,astrelis,0.041,0.458,29.417,367.916,,0,80,4096,1
markers,10000,unchanged,raw,0.000,0.208,26.458,384.875,,0,80,10000,1
markers,10000,unchanged,astrelis,0.042,0.459,27.667,396.959,,0,80,10000,1
markers,10000,append_256,raw,15.458,0.208,33.042,389.458,,2048,80,10000,1
markers,10000,append_256,astrelis,14.541,0.416,32.583,398.666,,2048,80,10000,1
markers,10000,replace_all,raw,31.125,0.209,54.250,415.500,,80000,80,10000,1
markers,10000,replace_all,astrelis,30.583,0.500,54.042,407.584,,80000,80,10000,1
markers,10000,visible_4096,raw,0.000,0.291,35.375,330.166,,0,80,4096,1
markers,10000,visible_4096,astrelis,0.041,0.500,32.500,329.000,,0,80,4096,1
polyline,100000,unchanged,raw,0.000,0.333,43.292,958.792,,0,80,100000,1
polyline,100000,unchanged,astrelis,0.041,0.708,38.041,953.500,,0,80,100000,1
polyline,100000,append_256,raw,17.208,0.209,35.209,937.416,,2048,80,100000,1
polyline,100000,append_256,astrelis,19.625,0.541,43.375,936.083,,2048,80,100000,1
polyline,100000,replace_all,raw,181.792,0.208,203.667,1140.166,,800000,80,100000,1
polyline,100000,replace_all,astrelis,179.333,0.375,203.875,1145.000,,800000,80,100000,1
polyline,100000,visible_4096,raw,0.000,0.208,29.791,357.083,,0,80,4096,1
polyline,100000,visible_4096,astrelis,0.000,0.417,28.834,349.166,,0,80,4096,1
markers,100000,unchanged,raw,0.000,0.209,35.584,1327.417,,0,80,100000,1
markers,100000,unchanged,astrelis,0.000,0.541,39.584,1326.709,,0,80,100000,1
markers,100000,append_256,raw,18.917,0.167,36.750,1319.292,,2048,80,100000,1
markers,100000,append_256,astrelis,20.375,0.375,38.625,1325.042,,2048,80,100000,1
markers,100000,replace_all,raw,204.250,0.208,232.959,1529.583,,800000,80,100000,1
markers,100000,replace_all,astrelis,191.834,0.417,224.709,1496.750,,800000,80,100000,1
markers,100000,visible_4096,raw,0.000,0.250,29.750,394.000,,0,80,4096,1
markers,100000,visible_4096,astrelis,0.000,0.459,29.458,389.542,,0,80,4096,1
polyline,1000000,unchanged,raw,0.042,0.584,47.041,6290.833,,0,80,1000000,1
polyline,1000000,unchanged,astrelis,0.042,1.375,50.292,6262.084,,0,80,1000000,1
polyline,1000000,append_256,raw,21.833,0.375,47.583,6287.166,,2048,80,1000000,1
polyline,1000000,append_256,astrelis,22.291,1.125,50.084,6301.334,,2048,80,1000000,1
polyline,1000000,replace_all,raw,1766.792,0.583,1807.084,8440.583,,8000000,80,1000000,1
polyline,1000000,replace_all,astrelis,1792.416,1.958,1832.458,8584.500,,8000000,80,1000000,1
polyline,1000000,visible_4096,raw,0.041,0.291,27.417,375.875,,0,80,4096,1
polyline,1000000,visible_4096,astrelis,0.000,0.458,28.500,377.250,,0,80,4096,1
markers,1000000,unchanged,raw,0.000,0.625,50.833,9849.250,,0,80,1000000,1
markers,1000000,unchanged,astrelis,0.042,1.750,53.458,9864.000,,0,80,1000000,1
markers,1000000,append_256,raw,28.750,0.416,61.084,9845.792,,2048,80,1000000,1
markers,1000000,append_256,astrelis,25.083,1.875,56.333,9798.417,,2048,80,1000000,1
markers,1000000,replace_all,raw,1713.250,0.750,1758.541,11948.167,,8000000,80,1000000,1
markers,1000000,replace_all,astrelis,1718.291,1.875,1772.209,11924.667,,8000000,80,1000000,1
markers,1000000,visible_4096,raw,0.000,0.250,28.583,393.000,,0,80,4096,1
markers,1000000,visible_4096,astrelis,0.041,0.458,28.833,393.125,,0,80,4096,1
