workload,count,metric,raw_median_us,raw_p95_us,astrelis_median_us,astrelis_p95_us,delta_us,overhead_percent
mesh_same,100,begin,0.625,0.708,1.042,1.125,0.417,66.72
mesh_same,100,record,0.917,1.000,5.000,5.375,4.083,445.26
mesh_same,100,finish,16.875,17.667,16.042,20.667,-0.833,-4.94
mesh_same,100,cpu_total,18.376,19.541,22.124,27.041,3.748,20.40
mesh_same,100,completion_wait,286.333,370.666,285.166,376.166,-1.167,-0.41
mesh_alternating,100,begin,0.666,0.875,1.083,1.292,0.417,62.61
mesh_alternating,100,record,3.250,3.834,8.208,9.000,4.958,152.55
mesh_alternating,100,finish,27.833,34.000,26.875,32.458,-0.958,-3.44
mesh_alternating,100,cpu_total,31.791,38.750,36.167,42.375,4.376,13.76
mesh_alternating,100,completion_wait,259.542,279.583,257.833,273.375,-1.709,-0.66
texture_prepared,100,begin,0.625,0.709,1.000,1.125,0.375,60.00
texture_prepared,100,record,0.875,1.042,5.250,6.708,4.375,500.00
texture_prepared,100,finish,17.792,25.666,17.917,24.250,0.125,0.70
texture_prepared,100,cpu_total,19.333,27.375,24.083,32.583,4.750,24.57
texture_prepared,100,completion_wait,244.416,259.459,245.958,257.333,1.542,0.63
texture_dynamic,100,begin,0.500,0.667,0.833,1.041,0.333,66.60
texture_dynamic,100,record,0.958,1.291,6.417,8.833,5.459,569.83
texture_dynamic,100,finish,29.042,37.000,29.167,32.958,0.125,0.43
texture_dynamic,100,cpu_total,30.500,38.958,36.375,42.708,5.875,19.26
texture_dynamic,100,completion_wait,272.833,279.875,271.875,283.042,-0.958,-0.35
texture_batch,100,begin,0.500,0.708,0.875,1.250,0.375,75.00
texture_batch,100,record,0.375,0.500,1.000,1.500,0.625,166.67
texture_batch,100,finish,22.334,29.417,22.167,30.417,-0.167,-0.75
texture_batch,100,cpu_total,23.209,30.500,24.083,33.417,0.874,3.77
texture_batch,100,completion_wait,270.917,279.250,269.583,278.875,-1.334,-0.49
mesh_scoped,100,begin,0.625,0.708,1.000,1.208,0.375,60.00
mesh_scoped,100,record,0.916,1.125,1.084,1.458,0.168,18.34
mesh_scoped,100,finish,16.541,22.125,15.583,25.333,-0.958,-5.79
mesh_scoped,100,cpu_total,18.042,23.791,17.708,27.666,-0.334,-1.85
mesh_scoped,100,completion_wait,234.125,254.417,232.709,255.250,-1.416,-0.60
texture_prepared_scoped,100,begin,0.625,0.666,0.958,1.125,0.333,53.28
texture_prepared_scoped,100,record,0.875,1.000,1.083,1.250,0.208,23.77
texture_prepared_scoped,100,finish,18.000,24.709,17.916,24.250,-0.084,-0.47
texture_prepared_scoped,100,cpu_total,19.499,26.417,19.958,26.625,0.459,2.35
texture_prepared_scoped,100,completion_wait,248.292,256.208,247.417,259.583,-0.875,-0.35
texture_dynamic_scoped,100,begin,0.541,0.667,0.834,1.167,0.293,54.16
texture_dynamic_scoped,100,record,0.958,1.333,2.292,3.167,1.334,139.25
texture_dynamic_scoped,100,finish,30.167,37.125,30.375,39.625,0.208,0.69
texture_dynamic_scoped,100,cpu_total,31.834,39.083,33.792,43.833,1.958,6.15
texture_dynamic_scoped,100,completion_wait,272.292,290.375,267.708,280.416,-4.584,-1.68
texture_batch_scoped,100,begin,0.541,0.625,0.834,1.125,0.293,54.16
texture_batch_scoped,100,record,0.375,0.458,1.000,1.333,0.625,166.67
texture_batch_scoped,100,finish,22.042,24.666,22.208,25.250,0.166,0.75
texture_batch_scoped,100,cpu_total,22.959,25.749,24.042,27.125,1.083,4.72
texture_batch_scoped,100,completion_wait,272.291,285.208,268.125,280.458,-4.166,-1.53
mesh_same,1000,begin,0.584,0.750,1.000,1.125,0.416,71.23
mesh_same,1000,record,4.375,5.875,36.708,41.375,32.333,739.04
mesh_same,1000,finish,61.541,71.042,60.709,66.000,-0.832,-1.35
mesh_same,1000,cpu_total,66.458,77.209,96.500,108.166,30.042,45.20
mesh_same,1000,completion_wait,401.125,438.125,402.250,434.125,1.125,0.28
mesh_alternating,1000,begin,0.584,0.708,0.959,1.084,0.375,64.21
mesh_alternating,1000,record,18.334,24.916,54.375,59.041,36.041,196.58
mesh_alternating,1000,finish,139.417,153.833,139.500,143.542,0.083,0.06
mesh_alternating,1000,cpu_total,160.708,179.292,195.542,200.709,34.834,21.68
mesh_alternating,1000,completion_wait,451.667,476.584,446.792,479.167,-4.875,-1.08
texture_prepared,1000,begin,0.625,0.708,1.000,1.125,0.375,60.00
texture_prepared,1000,record,4.791,5.208,43.958,52.750,39.167,817.51
texture_prepared,1000,finish,83.417,91.583,82.791,87.917,-0.626,-0.75
texture_prepared,1000,cpu_total,88.459,97.416,128.084,140.376,39.625,44.79
texture_prepared,1000,completion_wait,429.625,467.291,431.875,458.792,2.250,0.52
texture_dynamic,1000,begin,0.583,0.708,0.958,1.166,0.375,64.32
texture_dynamic,1000,record,5.958,7.958,59.208,71.750,53.250,893.76
texture_dynamic,1000,finish,95.167,100.875,96.209,100.792,1.042,1.09
texture_dynamic,1000,cpu_total,102.167,108.751,156.208,173.957,54.041,52.89
texture_dynamic,1000,completion_wait,445.875,471.375,448.125,471.584,2.250,0.50
texture_batch,1000,begin,0.583,0.708,0.958,1.125,0.375,64.32
texture_batch,1000,record,2.292,3.125,7.167,9.708,4.875,212.70
texture_batch,1000,finish,26.000,32.542,25.459,35.041,-0.541,-2.08
texture_batch,1000,cpu_total,28.875,36.001,33.959,45.916,5.084,17.61
texture_batch,1000,completion_wait,391.542,405.250,388.375,412.375,-3.167,-0.81
mesh_scoped,1000,begin,0.625,0.708,0.959,1.083,0.334,53.44
mesh_scoped,1000,record,4.334,5.250,4.667,6.250,0.333,7.68
mesh_scoped,1000,finish,59.958,70.417,60.000,67.583,0.042,0.07
mesh_scoped,1000,cpu_total,65.042,76.750,65.584,74.666,0.542,0.83
mesh_scoped,1000,completion_wait,400.958,433.000,398.791,426.083,-2.167,-0.54
texture_prepared_scoped,1000,begin,0.584,0.791,0.959,1.125,0.375,64.21
texture_prepared_scoped,1000,record,4.125,5.500,5.000,5.958,0.875,21.21
texture_prepared_scoped,1000,finish,83.167,94.916,83.583,98.042,0.416,0.50
texture_prepared_scoped,1000,cpu_total,88.083,100.584,89.707,105.376,1.624,1.84
texture_prepared_scoped,1000,completion_wait,431.583,461.833,434.291,453.833,2.708,0.63
texture_dynamic_scoped,1000,begin,0.583,0.667,0.875,1.042,0.292,50.09
texture_dynamic_scoped,1000,record,5.917,8.208,16.959,20.000,11.042,186.61
texture_dynamic_scoped,1000,finish,95.000,106.042,94.834,96.917,-0.166,-0.17
texture_dynamic_scoped,1000,cpu_total,101.625,115.083,112.832,115.917,11.207,11.03
texture_dynamic_scoped,1000,completion_wait,444.583,466.209,444.834,460.125,0.251,0.06
texture_batch_scoped,1000,begin,0.583,0.667,0.917,1.042,0.334,57.29
texture_batch_scoped,1000,record,2.291,3.083,7.208,9.625,4.917,214.62
texture_batch_scoped,1000,finish,24.375,29.500,24.375,32.791,0.000,0.00
texture_batch_scoped,1000,cpu_total,27.208,33.250,32.333,43.457,5.125,18.84
texture_batch_scoped,1000,completion_wait,388.500,403.083,389.291,411.375,0.791,0.20
mesh_same,10000,begin,1.000,3.708,1.500,5.625,0.500,50.00
mesh_same,10000,record,44.375,62.750,347.875,366.041,303.500,683.94
mesh_same,10000,finish,503.250,524.125,503.292,534.334,0.042,0.01
mesh_same,10000,cpu_total,549.625,568.625,850.042,886.833,300.417,54.66
mesh_same,10000,completion_wait,1880.042,1999.083,1883.292,2060.000,3.250,0.17
mesh_alternating,10000,begin,3.375,6.292,5.083,7.584,1.708,50.61
mesh_alternating,10000,record,200.584,206.875,562.834,584.708,362.250,180.60
mesh_alternating,10000,finish,1283.250,1320.833,1300.166,1359.792,16.916,1.32
mesh_alternating,10000,cpu_total,1486.874,1521.375,1869.124,1949.834,382.250,25.71
mesh_alternating,10000,completion_wait,2544.625,2710.875,2600.834,2727.750,56.209,2.21
texture_prepared,10000,begin,3.167,4.542,4.667,7.000,1.500,47.36
texture_prepared,10000,record,48.791,56.250,441.084,450.917,392.293,804.03
texture_prepared,10000,finish,716.416,739.541,715.791,740.792,-0.625,-0.09
texture_prepared,10000,cpu_total,765.625,796.208,1163.000,1184.833,397.375,51.90
texture_prepared,10000,completion_wait,2261.417,2569.167,2256.167,2517.791,-5.250,-0.23
texture_dynamic,10000,begin,0.542,0.875,0.833,1.583,0.291,53.69
texture_dynamic,10000,record,56.417,63.416,587.125,603.333,530.708,940.69
texture_dynamic,10000,finish,816.125,882.834,819.500,872.125,3.375,0.41
texture_dynamic,10000,cpu_total,873.207,956.459,1404.875,1458.749,531.668,60.89
texture_dynamic,10000,completion_wait,2336.291,2659.917,2541.875,2671.791,205.584,8.80
texture_batch,10000,begin,0.542,0.625,0.792,1.083,0.250,46.13
texture_batch,10000,record,22.292,23.542,69.208,72.708,46.916,210.46
texture_batch,10000,finish,122.625,148.166,122.042,147.375,-0.583,-0.48
texture_batch,10000,cpu_total,146.458,171.208,194.417,218.125,47.959,32.75
texture_batch,10000,completion_wait,1638.875,1688.625,1641.292,1683.833,2.417,0.15
mesh_scoped,10000,begin,3.541,4.083,5.375,5.875,1.834,51.79
mesh_scoped,10000,record,55.625,70.958,57.666,71.834,2.041,3.67
mesh_scoped,10000,finish,477.875,523.541,471.833,523.500,-6.042,-1.26
mesh_scoped,10000,cpu_total,534.334,583.625,541.041,597.251,6.707,1.26
mesh_scoped,10000,completion_wait,1927.291,1944.041,1923.041,1943.833,-4.250,-0.22
texture_prepared_scoped,10000,begin,2.875,3.916,4.541,6.292,1.666,57.95
texture_prepared_scoped,10000,record,57.625,65.208,55.875,65.750,-1.750,-3.04
texture_prepared_scoped,10000,finish,715.459,737.500,715.458,746.875,-0.001,-0.00
texture_prepared_scoped,10000,cpu_total,772.708,795.250,774.958,800.416,2.250,0.29
texture_prepared_scoped,10000,completion_wait,2257.209,2287.833,2255.167,2326.875,-2.042,-0.09
texture_dynamic_scoped,10000,begin,0.542,0.792,0.875,1.458,0.333,61.44
texture_dynamic_scoped,10000,record,57.833,63.667,166.167,170.833,108.334,187.32
texture_dynamic_scoped,10000,finish,821.542,846.542,825.000,859.083,3.458,0.42
texture_dynamic_scoped,10000,cpu_total,880.083,910.791,993.084,1025.208,113.001,12.84
texture_dynamic_scoped,10000,completion_wait,2320.833,2356.041,2315.916,2357.250,-4.917,-0.21
texture_batch_scoped,10000,begin,0.542,0.791,0.833,1.375,0.291,53.69
texture_batch_scoped,10000,record,22.292,27.667,69.250,76.583,46.958,210.65
texture_batch_scoped,10000,finish,138.625,150.208,142.667,153.083,4.042,2.92
texture_batch_scoped,10000,cpu_total,161.584,173.000,213.751,226.708,52.167,32.28
texture_batch_scoped,10000,completion_wait,1660.833,1708.417,1662.291,1696.333,1.458,0.09
