case,pixels_per_em,range_em,stage,median_us,p95_us
repeated_1000,0,0,cold_images_atlas_geometry,301.896,376.416
repeated_1000,0,0,cached_images_new_geometry,74.374,87.875
repeated_1000,0,0,record_after_preparation,0.896,1.791
repeated_1000,0,0,frame_after_preparation_cpu,37.001,54.666
repeated_1000,0,0,steady_1_draw_record,0.583,0.833
repeated_1000,0,0,steady_1_draw_frame_cpu,33.938,38.958
repeated_1000,0,0,steady_100_draw_record,10.937,26.792
repeated_1000,0,0,steady_100_draw_frame_cpu,61.500,82.459
repeated_1000,32,0.25,cold_images_atlas_geometry,18735.355,19310.833
repeated_1000,32,0.25,cached_images_new_geometry,75.729,86.292
repeated_1000,32,0.25,record_after_preparation,1.417,2.625
repeated_1000,32,0.25,frame_after_preparation_cpu,54.146,89.375
repeated_1000,32,0.25,steady_1_draw_record,0.541,0.584
repeated_1000,32,0.25,steady_1_draw_frame_cpu,29.229,35.208
repeated_1000,32,0.25,steady_100_draw_record,11.562,31.917
repeated_1000,32,0.25,steady_100_draw_frame_cpu,58.084,79.416
repeated_1000,64,0.25,cold_images_atlas_geometry,51965.188,54569.250
repeated_1000,64,0.25,cached_images_new_geometry,79.874,85.916
repeated_1000,64,0.25,record_after_preparation,2.500,3.375
repeated_1000,64,0.25,frame_after_preparation_cpu,82.291,103.584
repeated_1000,64,0.25,steady_1_draw_record,0.562,1.000
repeated_1000,64,0.25,steady_1_draw_frame_cpu,30.896,55.875
repeated_1000,64,0.25,steady_100_draw_record,9.979,20.333
repeated_1000,64,0.25,steady_100_draw_frame_cpu,57.917,76.459
repeated_1000,96,0.25,cold_images_atlas_geometry,102988.875,106451.917
repeated_1000,96,0.25,cached_images_new_geometry,81.604,99.291
repeated_1000,96,0.25,record_after_preparation,3.354,3.959
repeated_1000,96,0.25,frame_after_preparation_cpu,94.709,113.417
repeated_1000,96,0.25,steady_1_draw_record,0.667,1.083
repeated_1000,96,0.25,steady_1_draw_frame_cpu,34.458,51.333
repeated_1000,96,0.25,steady_100_draw_record,10.125,18.708
repeated_1000,96,0.25,steady_100_draw_frame_cpu,62.146,88.750
repeated_1000,64,0.125,cold_images_atlas_geometry,39415.376,41062.125
repeated_1000,64,0.125,cached_images_new_geometry,79.562,95.666
repeated_1000,64,0.125,record_after_preparation,2.292,3.416
repeated_1000,64,0.125,frame_after_preparation_cpu,76.312,98.583
repeated_1000,64,0.125,steady_1_draw_record,0.583,1.292
repeated_1000,64,0.125,steady_1_draw_frame_cpu,32.584,51.875
repeated_1000,64,0.125,steady_100_draw_record,10.875,36.000
repeated_1000,64,0.125,steady_100_draw_frame_cpu,58.083,78.333
repeated_1000,64,0.5,cold_images_atlas_geometry,86221.334,89395.000
repeated_1000,64,0.5,cached_images_new_geometry,80.750,88.042
repeated_1000,64,0.5,record_after_preparation,3.208,3.875
repeated_1000,64,0.5,frame_after_preparation_cpu,83.292,104.292
repeated_1000,64,0.5,steady_1_draw_record,0.541,0.750
repeated_1000,64,0.5,steady_1_draw_frame_cpu,30.563,36.791
repeated_1000,64,0.5,steady_100_draw_record,11.375,23.000
repeated_1000,64,0.5,steady_100_draw_frame_cpu,66.249,97.417
unique_256,0,0,cold_images_atlas_geometry,1916.771,2190.959
unique_256,0,0,cached_images_new_geometry,44.438,55.792
unique_256,0,0,record_after_preparation,1.000,1.792
unique_256,0,0,frame_after_preparation_cpu,37.895,62.416
unique_256,0,0,steady_1_draw_record,0.542,0.958
unique_256,0,0,steady_1_draw_frame_cpu,30.396,41.750
unique_256,0,0,steady_100_draw_record,9.541,12.375
unique_256,0,0,steady_100_draw_frame_cpu,50.791,55.208
unique_256,64,0.25,cold_images_atlas_geometry,555291.896,563792.041
unique_256,64,0.25,cached_images_new_geometry,62.500,74.292
unique_256,64,0.25,record_after_preparation,3.396,4.042
unique_256,64,0.25,frame_after_preparation_cpu,95.709,113.416
unique_256,64,0.25,steady_1_draw_record,0.583,1.083
unique_256,64,0.25,steady_1_draw_frame_cpu,32.125,54.875
unique_256,64,0.25,steady_100_draw_record,9.375,11.250
unique_256,64,0.25,steady_100_draw_frame_cpu,54.459,62.208
