case,stage,median_us,p95_us
empty_1x,record_cpu,0.000,0.042
empty_1x,frame_cpu,13.167,16.959
empty_1x,pass_gpu,unavailable,unavailable
paragraph_1x,record_cpu,0.500,0.625
paragraph_1x,frame_cpu,30.958,39.000
paragraph_1x,pass_gpu,unavailable,unavailable
labels_600_1x,record_cpu,66.542,73.500
labels_600_1x,frame_cpu,199.438,215.500
labels_600_1x,pass_gpu,unavailable,unavailable
mixed_color_600_1x,record_cpu,71.812,83.958
mixed_color_600_1x,frame_cpu,560.667,592.583
mixed_color_600_1x,pass_gpu,unavailable,unavailable
update_60_of_600_1x,record_cpu,67.251,70.500
update_60_of_600_1x,frame_cpu,206.000,211.500
update_60_of_600_1x,pass_gpu,unavailable,unavailable
update_60_of_600_1x,content_layout_prepare_cpu,457.084,483.250
update_60_of_600_1x,content_layout_cpu,206.024,223.954
update_60_of_600_1x,cached_glyph_geometry_cpu,248.185,265.877
empty_4x,record_cpu,0.000,0.042
empty_4x,frame_cpu,13.417,19.250
empty_4x,pass_gpu,unavailable,unavailable
paragraph_4x,record_cpu,0.500,0.583
paragraph_4x,frame_cpu,31.208,34.000
paragraph_4x,pass_gpu,unavailable,unavailable
labels_600_4x,record_cpu,67.542,75.584
labels_600_4x,frame_cpu,206.562,214.208
labels_600_4x,pass_gpu,unavailable,unavailable
mixed_color_600_4x,record_cpu,71.645,83.041
mixed_color_600_4x,frame_cpu,570.020,626.167
mixed_color_600_4x,pass_gpu,unavailable,unavailable
update_60_of_600_4x,record_cpu,67.271,75.500
update_60_of_600_4x,frame_cpu,205.229,232.750
update_60_of_600_4x,pass_gpu,unavailable,unavailable
update_60_of_600_4x,content_layout_prepare_cpu,464.042,495.208
update_60_of_600_4x,content_layout_cpu,210.122,224.826
update_60_of_600_4x,cached_glyph_geometry_cpu,246.606,277.827
cold_unique,prepare_cpu,14449.459,14836.625
cached_unique,prepare_cpu,272.146,285.250
raster_size_pressure,prepare_cpu,176.959,208.041
